guilherme_cardoso   guilherme_cardoso@email.com   Guilherme   Cardoso   6/3/2000   guilherme-cardoso   z2y44s   z2y44s

felipe_nascimento   felipe_nascimento@email.com   Felipe   Nascimento   4/17/1988   felipe-nascimento   2vi2x8   2vi2x8

gustavo_rodrigues   gustavo_rodrigues@email.com   Gustavo   Rodrigues   12/23/1983   gustavo-rodrigues   x3p646   x3p646

isabela_cardoso   isabela_cardoso@email.com   Isabela   Cardoso   9/6/1990   isabela-cardoso   85vpoa   85vpoa

felipe_mendes   felipe_mendes@email.com   Felipe   Mendes   12/14/1981   felipe-mendes   s6601z   s6601z

camila_ribeiro   camila_ribeiro@email.com   Camila   Ribeiro   2/13/2004   camila-ribeiro   c4qwke   c4qwke

enzo_nascimento   enzo_nascimento@email.com   Enzo   Nascimento   9/16/1994   enzo-nascimento   dfure7   dfure7

enzo_rocha   enzo_rocha@email.com   Enzo   Rocha   6/12/1985   enzo-rocha   lekjpm   lekjpm

lucas_rocha   lucas_rocha@email.com   Lucas   Rocha   8/17/2001   lucas-rocha   1phz3b   1phz3b

camila_silva   camila_silva@email.com   Camila   Silva   12/16/1993   camila-silva   6r98f6   6r98f6

